Week,State,Forecast
Week 1,Punjab,693.2577750000002
Week 2,Punjab,122.29500000000002
Week 3,Punjab,191.469642063492
Week 4,Punjab,169.526
Week 1,Haryana,632.3988055555556
Week 2,Haryana,105.00366666666667
Week 3,Haryana,61.38533333333335
Week 4,Haryana,62.562
Week 1,Rajasthan,906.2478940476196
Week 2,Rajasthan,177.95399999999975
Week 3,Rajasthan,50.988
Week 4,Rajasthan,38.486
Week 1,Delhi,391.7966142857142
Week 2,Delhi,90.95466666666664
Week 3,Delhi,62.96933333333332
Week 4,Delhi,37.481
Week 1,UP,1393.354245634921
Week 2,UP,292.28800000000024
Week 3,UP,41.22
Week 4,UP,192.12200000000004
Week 1,Uttarakhand,160.86306865079365
Week 2,Uttarakhand,20.34900000000001
Week 3,Uttarakhand,8.052777777777777
Week 4,Uttarakhand,7.527249999999999
Week 1,HP,119.74799603174604
Week 2,HP,20.4
Week 3,HP,5.225
Week 4,HP,8.115000000000002
Week 1,J&K,185.48917341269845
Week 2,J&K,31.289999999999964
Week 3,J&K,1.596
Week 4,J&K,5.621999999999999
Week 1,Chandigarh,19.3834753968254
Week 2,Chandigarh,3.444000000000001
Week 3,Chandigarh,2.5060000000000007
Week 4,Chandigarh,3.507
Week 1,Chhattisgarh,361.5934317460317
Week 2,Chhattisgarh,18.832
Week 3,Chhattisgarh,10.998408730158731
Week 4,Chhattisgarh,10.83
Week 1,Gujarat,1413.0458730158728
Week 2,Gujarat,227.5339999999999
Week 3,Gujarat,0.0
Week 4,Gujarat,16.605999999999998
Week 1,MP,861.2424015873014
Week 2,MP,179.282
Week 3,MP,74.525
Week 4,MP,242.813
Week 1,Maharashtra,1852.8812130952383
Week 2,Maharashtra,127.81099999999994
Week 3,Maharashtra,138.50723373015873
Week 4,Maharashtra,26.008000000000003
Week 1,Goa,44.60105158730161
Week 2,Goa,7.881
Week 3,Goa,0.445
Week 4,Goa,3.657
Week 1,DNH,77.29722500000001
Week 2,DNH,14.79499999999998
Week 3,DNH,7.44
Week 4,DNH,13.538000000000002
Week 1,Andhra Pradesh,747.7456853174606
Week 2,Andhra Pradesh,57.33599999999999
Week 3,Andhra Pradesh,36.5095376984127
Week 4,Andhra Pradesh,23.688
Week 1,Telangana,841.7543781746036
Week 2,Telangana,66.21
Week 3,Telangana,65.8352
Week 4,Telangana,54.727
Week 1,Karnataka,891.6137869047619
Week 2,Karnataka,79.41799999999996
Week 3,Karnataka,131.23558015873013
Week 4,Karnataka,169.142
Week 1,Kerala,316.16319563492044
Week 2,Kerala,56.57399999999996
Week 3,Kerala,18.486
Week 4,Kerala,13.252
Week 1,Tamil Nadu,1339.4000313492058
Week 2,Tamil Nadu,126.27900000000004
Week 3,Tamil Nadu,39.72913095238096
Week 4,Tamil Nadu,28.206
Week 1,Pondy,33.255782142857136
Week 2,Pondy,6.971999999999992
Week 3,Pondy,0.0
Week 4,Pondy,1.181
Week 1,Bihar,360.5229480158729
Week 2,Bihar,85.28733333333328
Week 3,Bihar,3.44
Week 4,Bihar,16.514999999999997
Week 1,Jharkhand,95.47820238095238
Week 2,Jharkhand,16.488000000000014
Week 3,Jharkhand,3.579
Week 4,Jharkhand,2.922
Week 1,Odisha,360.11999920634923
Week 2,Odisha,36.713999999999984
Week 3,Odisha,21.390853174603176
Week 4,Odisha,17.814
Week 1,West Bengal,601.244132142857
Week 2,West Bengal,139.20800000000017
Week 3,West Bengal,12.424
Week 4,West Bengal,36.95399999999999
Week 1,Sikkim,5.41949484126984
Week 2,Sikkim,0.8080000000000003
Week 3,Sikkim,0.275
Week 4,Sikkim,2.469
Week 1,Arunachal Pradesh,9.238709126984125
Week 2,Arunachal Pradesh,1.7990000000000017
Week 3,Arunachal Pradesh,0.67
Week 4,Arunachal Pradesh,0.994
Week 1,Assam,109.23154206349204
Week 2,Assam,11.673
Week 3,Assam,5.570015873015873
Week 4,Assam,2.214
Week 1,Manipur,10.439644444444443
Week 2,Manipur,1.869
Week 3,Manipur,0.0
Week 4,Manipur,0.6439999999999999
Week 1,Meghalaya,23.44691349206349
Week 2,Meghalaya,4.011999999999996
Week 3,Meghalaya,3.618
Week 4,Meghalaya,1.415
Week 1,Mizoram,7.117356746031744
Week 2,Mizoram,1.2720000000000014
Week 3,Mizoram,0.0
Week 4,Mizoram,0.201
Week 1,Nagaland,9.19058611111111
Week 2,Nagaland,1.924
Week 3,Nagaland,0.395
Week 4,Nagaland,0.372
Week 1,Tripura,16.746728571428584
Week 2,Tripura,1.938999999999999
Week 3,Tripura,0.7111468253968255
Week 4,Tripura,0.6779999999999999
